"","PRAD","THCA","KICH","BRCA","KIRP","KIRC","READ","COAD","BLCA","STAD","PCPG","UCEC","LUAD","HNSC","CESC","GBM","ESCA","LUSC","LIHC","CHOL"
"BUB1",1,0,1,1,1,1,1,1,1,1,1,1,1,1,1,1,1,1,1,1
"BUB1B",1,0,1,1,1,1,1,1,1,1,1,1,1,1,1,1,1,1,1,1
"PLK1",1,0,1,1,1,1,1,1,1,1,1,1,1,1,1,1,1,1,1,1
"AURKB",1,0,1,1,1,1,1,1,1,1,0,1,1,1,1,1,1,1,1,1
"MELK",1,0,1,1,1,1,1,1,1,1,0,1,1,1,1,1,1,1,1,1
"NEK2",1,0,1,1,1,1,1,1,1,1,0,1,1,1,1,1,1,1,1,1
"PBK",1,0,1,1,1,1,0,1,1,1,1,1,1,1,1,1,1,1,1,1
"TTK",1,0,1,1,1,1,1,1,1,1,0,1,1,1,1,1,1,1,1,1
"PKMYT1",0,1,1,1,1,1,1,1,1,1,0,1,1,1,1,0,1,1,1,1
"AURKA",0,0,1,1,1,0,1,1,1,1,0,1,1,1,1,1,1,1,1,1
"CDK1",1,0,0,1,0,0,1,1,1,1,1,1,1,1,1,1,1,1,1,1
"TRIB3",0,1,1,1,1,1,1,1,1,1,0,1,1,1,0,1,1,1,0,1
"LIMK1",0,1,1,0,1,0,1,1,1,1,1,0,1,1,1,0,1,1,1,1
"MAST1",0,1,1,1,1,1,0,0,1,0,1,1,1,1,1,0,1,1,1,1
"TK1",1,0,0,1,1,0,0,1,1,1,0,1,1,1,1,1,1,1,1,1
"CAMKV",1,0,0,1,1,0,1,1,1,1,1,1,0,1,0,0,1,1,1,1
"CDC7",0,0,0,1,1,0,0,1,1,1,0,1,1,1,1,1,1,1,1,1
"CHEK1",0,0,0,1,0,0,1,1,1,1,0,1,1,1,1,1,1,1,1,1
"DTYMK",0,0,0,1,0,0,1,1,1,1,0,1,1,1,1,1,1,1,1,1
"NME1",0,0,0,1,1,0,1,1,1,1,0,1,1,0,1,1,1,1,1,1
"SRMS",1,0,0,1,0,0,1,1,1,1,1,1,1,1,1,0,0,1,1,1
"PLK4",0,0,0,1,0,0,0,1,1,1,0,1,1,1,1,1,1,1,1,1
"SBK1",1,0,0,1,1,0,1,1,1,1,0,1,1,0,0,0,1,1,1,1
"CIT",0,0,0,1,0,0,1,1,1,1,0,1,1,1,1,0,1,0,1,1
"DCLK3",0,1,1,0,0,1,1,1,1,1,1,0,0,1,0,0,1,0,1,1
"EPHB2",0,0,0,1,0,0,1,1,1,1,0,1,1,1,1,0,0,1,1,1
"ITPKA",0,1,1,1,1,1,0,0,1,0,0,0,1,1,1,0,0,1,1,1
"MYO3B",0,1,0,1,0,0,1,1,0,1,1,1,1,1,0,0,1,1,0,1
"SPHK1",0,1,0,0,1,1,1,1,1,1,0,0,0,1,0,0,1,1,1,1
"STK31",0,0,0,1,0,0,1,1,1,1,0,1,1,1,0,0,1,1,1,1
"ADCK5",0,0,0,1,0,0,1,0,1,0,0,1,1,1,1,0,1,1,1,1
"CHEK2",0,0,0,0,1,0,0,0,0,1,0,1,1,1,1,1,1,1,1,1
"EPHA10",1,1,0,1,1,1,0,0,1,1,0,0,1,0,1,0,0,0,1,1
"EPHA8",1,0,0,1,0,0,1,1,1,0,1,1,0,1,1,0,1,1,0,0
"IRAK1",0,0,0,0,0,0,1,1,0,1,0,1,1,0,1,1,1,1,1,1
"MET",0,1,1,0,1,1,1,1,0,1,0,1,1,1,0,0,1,0,0,0
"MST1R",0,1,0,1,1,0,0,0,1,0,1,1,1,1,1,0,0,0,1,1
"PASK",0,1,0,1,0,0,1,1,1,1,0,1,0,0,1,0,1,0,1,1
"PRKCG",0,0,0,0,1,0,1,1,1,1,0,1,1,1,0,0,1,1,0,1
"BRSK2",1,0,0,1,0,0,1,1,1,1,1,1,0,0,0,0,0,0,1,1
"CDK2",0,0,0,0,0,0,0,1,1,1,0,0,0,1,1,1,1,1,1,1
"CDK4",0,0,0,0,0,0,1,1,0,1,0,0,1,1,0,1,1,1,1,1
"FGFR4",0,0,0,1,0,0,1,1,0,1,0,1,0,1,0,1,1,0,1,1
"HK2",0,0,0,0,1,1,0,0,0,1,0,1,0,0,1,1,1,1,1,1
"IKBKE",0,0,0,1,1,0,0,0,0,0,0,1,1,0,1,1,1,1,1,1
"MAPK15",0,0,0,1,1,1,1,1,1,1,0,0,0,0,0,0,1,0,1,1
"MASTL",0,0,0,0,0,0,0,1,1,1,0,1,0,1,1,0,1,1,1,1
"NME1-NME2",0,0,0,0,1,0,1,1,0,1,0,0,1,0,0,1,1,1,1,1
"PRKDC",0,0,0,0,0,0,1,1,0,1,0,0,1,1,1,0,1,1,1,1
"PTK7",0,0,0,0,0,0,1,1,1,1,1,0,0,1,0,1,1,0,1,1
"RIPK2",0,0,0,0,0,0,1,1,1,1,0,1,0,1,0,1,1,0,1,1
"RPS6KL1",0,0,1,0,0,1,1,1,0,1,1,0,1,0,0,0,1,0,1,1
"ANKK1",0,0,0,0,1,1,1,1,1,0,0,0,0,0,0,0,1,1,1,1
"BRSK1",0,1,0,1,1,0,0,0,0,0,1,0,1,1,0,0,0,1,1,1
"CDK5",0,0,0,1,0,0,1,0,1,0,0,1,0,0,1,0,1,1,1,1
"CKMT1A",0,0,1,1,0,0,0,0,0,0,1,1,1,0,1,0,0,1,1,1
"EFNA1",0,0,0,1,0,1,0,0,1,1,0,1,0,0,1,0,1,0,1,1
"EPHB3",0,1,0,0,0,0,1,1,0,0,0,1,1,0,0,1,0,1,1,1
"ERBB2",0,0,0,1,0,0,1,0,1,1,0,1,1,0,0,1,1,0,0,1
"GUCY2D",0,0,0,0,1,1,1,1,1,0,0,0,0,0,1,0,1,0,1,1
"HKDC1",0,0,0,0,0,0,1,0,1,0,0,1,1,1,0,1,1,0,1,1
"MYLK2",0,0,0,0,0,0,1,0,1,1,0,1,0,0,0,1,1,1,1,1
"MYO3A",0,0,0,0,1,1,0,0,1,0,0,0,1,1,0,0,1,1,1,1
"PAK6",0,0,0,0,0,0,1,1,0,0,0,1,1,0,1,0,1,1,1,1
"PNCK",0,0,1,1,1,1,0,0,0,0,0,0,1,1,0,0,0,1,1,1
"PTK6",0,0,0,1,1,0,0,0,0,0,1,1,1,0,1,0,0,1,1,1
"ROS1",0,1,0,1,0,0,0,0,1,1,0,1,0,1,1,0,1,0,1,0
"SGK494",0,0,0,0,0,0,1,0,1,1,0,0,1,1,1,0,0,1,1,1
"SRPK1",0,0,0,0,0,0,1,1,0,1,0,0,1,0,1,0,1,1,1,1
"UCK2",0,0,0,0,0,0,0,0,1,1,1,1,1,0,1,0,0,1,1,1
"ALK",0,1,1,0,1,1,0,0,1,0,1,1,0,1,0,0,0,0,0,0
"EPHA6",1,0,0,0,1,1,0,0,0,0,1,0,1,0,0,0,0,1,1,1
"EPHB4",0,0,0,0,0,0,1,1,0,1,0,0,0,1,0,1,1,0,1,1
"HK3",0,0,0,0,1,1,0,0,1,1,0,1,0,1,0,1,1,0,0,0
"LMTK3",0,0,0,1,0,0,1,1,0,0,1,1,0,0,1,0,0,0,1,1
"PKM",0,0,0,0,0,0,0,1,0,0,0,1,1,0,1,0,1,1,1,1
"RET",1,1,0,1,0,0,0,0,0,0,1,1,1,1,0,0,0,1,0,0
"TTBK1",0,0,0,1,0,0,1,0,1,0,1,0,1,1,0,0,1,1,0,0
"ALPK2",0,0,0,0,0,1,0,0,1,0,0,1,1,0,0,1,1,1,0,0
"ATR",0,0,0,0,0,0,0,1,0,1,0,0,0,0,1,0,1,1,1,1
"CAMK2B",0,0,1,0,1,0,0,0,1,0,1,1,1,0,0,0,0,1,0,0
"CDK6",0,0,0,0,0,0,0,0,0,1,0,0,0,1,0,1,1,1,1,1
"CLK2",0,0,0,0,0,1,1,0,1,0,0,0,1,0,0,0,0,1,1,1
"ERN2",0,0,0,1,1,0,0,0,0,0,0,1,1,0,0,1,0,0,1,1
"FGFR3",0,1,0,1,0,0,0,0,0,0,0,1,0,0,1,0,0,1,1,1
"INSRR",0,0,0,0,0,0,0,1,1,0,1,0,1,1,0,1,0,0,1,0
"JAK3",0,0,0,0,1,1,0,0,0,1,0,0,1,1,0,0,1,0,0,1
"MAPK12",0,0,0,0,0,1,1,0,0,0,1,0,0,0,0,0,1,1,1,1
"MARK1",0,0,0,0,0,0,0,0,0,0,1,0,1,1,0,0,1,1,1,1
"PAK5",0,0,1,0,0,0,0,1,1,0,0,1,0,0,0,0,0,1,1,1
"PDGFRB",0,0,0,0,0,0,1,0,0,1,0,0,0,1,0,1,1,0,1,1
"PDK1",0,0,0,0,0,1,0,0,0,0,0,1,1,1,0,1,0,1,1,0
"PFKP",0,0,0,0,0,1,0,0,0,0,1,0,1,0,0,0,1,1,1,1
"PHKA1",0,0,1,0,0,0,1,1,0,0,0,0,1,0,0,1,0,1,0,1
"STK32C",0,0,0,0,0,0,1,1,1,1,0,0,0,0,0,0,1,0,1,1
"TNK2",0,0,0,0,0,1,1,0,0,0,1,0,0,0,0,0,1,1,1,1
"ALPK3",0,0,1,0,0,0,0,1,0,0,0,1,0,0,0,1,0,0,1,1
"BMPR1B",0,0,1,1,0,0,0,0,1,0,1,0,0,1,0,0,0,0,0,1
"CAMK1G",0,1,0,1,0,0,0,0,0,0,0,0,0,1,0,0,1,0,1,1
"CAMKK1",0,0,0,0,1,1,0,0,0,0,1,0,0,0,0,0,1,0,1,1
"CDC42BPG",0,1,0,0,0,0,0,0,0,0,0,1,0,0,1,1,0,0,1,1
"CDK16",0,0,0,0,0,0,0,0,0,0,0,1,0,0,1,0,1,1,1,1
"CKM",0,0,0,0,0,0,0,0,0,0,0,1,1,0,0,1,0,1,1,1
"CMPK2",0,0,0,1,0,0,0,0,1,0,1,0,0,1,0,0,1,0,0,1
"CSNK1E",0,0,0,0,0,1,1,1,0,0,0,0,0,0,0,0,1,0,1,1
"DCLK1",0,0,0,0,1,1,0,0,0,0,1,0,1,0,0,0,0,0,1,1
"DDR1",0,0,0,0,0,0,0,0,0,0,0,0,0,0,1,1,1,1,1,1
"DGKA",0,0,0,0,1,1,0,0,0,0,0,0,1,0,1,0,0,1,0,1
"EGFR",0,0,0,0,0,1,0,0,1,0,0,0,0,1,0,1,1,1,0,0
"EPHA5",0,0,1,0,0,0,0,0,0,0,1,0,1,0,0,0,0,1,1,1
"EPHA7",0,0,0,0,1,0,0,0,0,0,0,1,1,0,0,0,0,1,1,1
"ERBB3",0,1,0,0,0,0,0,0,1,0,0,1,0,0,1,0,0,0,1,1
"ETNK2",0,1,0,1,0,0,0,0,0,0,1,0,1,0,0,1,0,1,0,0
"HUNK",0,0,0,0,0,0,1,1,0,1,1,0,0,0,0,0,0,0,1,1
"KSR2",0,0,0,0,0,0,0,0,1,1,1,0,0,0,1,0,0,0,1,1
"LYN",0,0,0,0,0,0,0,0,0,1,1,0,0,0,1,1,1,0,0,1
"MAP4K1",0,0,0,0,1,1,0,0,0,0,0,1,0,0,0,1,1,0,0,1
"MAP4K4",0,0,0,0,0,1,0,0,0,1,1,0,0,0,0,0,1,0,1,1
"NEK5",1,0,0,1,0,0,1,1,0,1,0,0,0,0,0,0,0,0,0,1
"NTRK1",0,1,0,0,0,0,0,0,0,0,1,0,0,1,0,1,0,0,1,1
"PAK1",0,0,0,1,0,0,0,0,0,0,1,0,1,0,0,0,0,1,1,1
"PGK1",0,0,0,0,0,0,0,0,0,0,0,1,0,0,1,0,1,1,1,1
"PIM2",0,0,0,0,0,1,0,0,0,0,1,0,1,1,0,0,1,0,0,1
"PKDCC",0,0,1,0,1,0,0,0,0,1,1,0,0,0,0,0,0,0,1,1
"PLK2",0,1,0,0,1,1,0,0,0,1,0,0,0,0,0,0,1,0,0,1
"PLK5",0,0,0,0,1,1,1,1,0,0,0,0,0,0,0,0,0,0,1,1
"POMK",0,0,0,0,0,0,0,1,0,1,0,1,1,0,0,0,0,1,0,1
"PRKX",0,0,0,0,0,0,0,0,0,1,0,0,0,0,1,1,0,1,1,1
"STK26",0,0,0,0,0,0,0,0,0,0,1,0,0,0,0,1,1,1,1,1
"STK3",0,0,0,0,0,0,0,1,0,1,0,0,0,1,0,0,1,0,1,1
"STK32A",0,1,1,0,0,0,0,0,1,0,0,0,1,0,0,1,0,0,0,1
"STK39",0,0,1,0,0,0,0,0,0,0,1,0,1,0,0,0,0,1,1,1
"STYK1",0,1,0,0,0,0,0,0,0,0,0,0,1,0,1,0,0,1,1,1
"TSSK6",0,0,0,0,0,0,1,0,1,0,0,0,0,1,0,0,0,1,1,1
"VRK1",0,0,0,0,0,0,0,0,0,0,0,0,0,1,1,0,1,1,1,1
"WNK2",0,0,0,0,1,0,0,0,0,0,1,0,1,0,0,0,0,1,1,1
"ADPGK",0,0,0,0,0,0,0,0,0,1,0,0,0,1,1,1,0,0,0,1
"AK5",1,0,0,0,0,0,0,0,0,0,1,0,1,0,0,0,0,0,1,1
"BLK",0,0,0,1,0,0,0,0,0,0,0,1,0,1,0,1,0,0,0,1
"CAMK1D",0,0,1,0,1,1,0,0,0,0,1,0,0,0,0,0,0,0,0,1
"CASK",0,0,0,0,0,0,0,0,0,1,0,0,0,1,0,0,0,1,1,1
"CDK3",0,0,0,0,1,1,0,0,1,0,0,0,0,1,0,0,0,0,1,0
"CKMT2",0,0,1,0,0,0,1,1,0,0,0,0,0,0,0,0,0,0,1,1
"HCK",0,0,0,0,1,1,0,0,0,0,0,1,0,0,0,1,1,0,0,0
"LCK",0,0,0,0,0,1,0,0,0,0,0,0,0,1,0,1,1,0,0,1
"MAP3K9",0,0,0,0,0,0,0,0,0,0,1,1,0,0,1,0,0,0,1,1
"MAPK13",0,1,0,0,0,0,0,0,0,0,0,1,0,0,1,0,0,0,1,1
"MATK",1,0,0,0,1,1,0,0,0,0,0,0,0,0,0,0,1,0,0,1
"NEK8",0,0,0,0,0,0,1,0,0,0,0,0,0,0,1,1,0,0,1,1
"NRK",0,1,0,0,0,0,0,0,0,0,0,0,1,0,0,1,0,1,0,1
"NTRK2",0,0,0,0,0,0,0,0,0,0,0,0,0,1,0,0,1,1,1,1
"NUAK1",0,0,0,0,0,0,0,0,0,1,0,0,0,1,0,0,1,0,1,1
"NUAK2",0,0,0,1,0,0,0,0,0,0,0,1,0,0,1,1,0,0,0,1
"PCK1",0,0,0,0,0,0,0,0,1,0,0,1,1,0,0,0,1,1,0,0
"PCK2",0,0,0,0,0,0,0,0,1,0,0,1,0,0,1,1,1,0,0,0
"PFKFB1",0,0,0,0,0,0,0,0,1,0,0,1,0,0,1,1,0,1,0,0
"PRKCD",0,0,1,0,0,0,0,0,0,0,0,1,0,0,1,0,0,0,1,1
"PRKCI",0,0,0,0,0,0,0,0,0,1,0,0,0,0,1,0,0,1,1,1
"PRKCZ",0,0,0,0,0,0,0,0,1,0,0,1,0,0,1,0,1,0,0,1
"PRKY",0,0,0,0,0,0,0,0,1,0,0,0,0,0,1,0,1,0,1,1
"ROR2",0,0,0,0,0,0,0,0,0,0,0,0,0,1,0,1,0,1,1,1
"SRPK3",0,0,0,0,0,1,0,0,0,0,0,0,1,0,0,0,0,1,1,1
"STK17A",0,0,0,0,0,0,0,0,0,0,0,0,0,1,1,1,0,0,1,1
"STK32B",0,0,0,0,0,0,0,0,0,0,1,0,1,0,0,1,0,0,1,1
"TGFBR1",0,1,0,0,0,0,0,0,0,0,1,0,0,1,0,1,0,0,0,1
"TSSK3",0,0,0,0,1,1,0,0,0,0,0,0,0,1,0,0,0,0,1,1
"TYRO3",0,1,0,0,0,0,1,1,0,0,0,0,0,0,0,0,0,0,1,1
"WNK4",0,0,0,1,0,0,0,0,0,0,0,0,0,0,0,1,0,1,1,1
"ZAP70",0,0,0,0,1,1,0,0,0,0,0,0,0,1,0,1,0,0,0,1
"AATK",0,0,0,0,0,1,0,0,0,0,1,0,0,0,0,0,0,0,1,1
"ABL2",0,0,0,0,0,0,0,0,0,1,0,0,0,1,0,0,0,0,1,1
"AXL",0,0,0,0,1,1,0,0,0,0,0,0,0,1,0,0,0,0,0,1
"BTK",0,0,0,0,1,1,0,0,0,0,0,0,0,0,0,1,0,0,0,1
"CDK18",0,0,0,0,0,1,0,0,0,0,0,0,0,1,0,0,0,0,1,1
"CSF1R",0,0,0,0,1,1,0,0,0,0,0,0,0,0,0,1,0,0,0,1
"DCLK2",0,0,1,0,0,0,0,0,0,0,1,0,0,0,0,0,0,0,1,1
"DGUOK",0,0,0,0,0,0,0,0,0,0,0,0,0,0,0,1,1,1,0,1
"EPHA1",0,0,0,0,0,0,1,1,0,0,0,0,0,0,0,1,0,0,1,0
"EPHA3",0,0,0,0,0,1,0,0,0,0,1,0,0,0,0,1,0,0,0,1
"EPHA4",0,1,0,0,0,0,0,0,0,0,0,0,0,0,0,0,0,1,1,1
"GALK1",0,0,0,0,0,0,1,1,0,0,0,0,0,0,0,1,1,0,0,0
"GCK",0,0,0,0,0,0,0,0,0,0,0,0,0,1,0,0,1,1,1,0
"GRK3",0,0,0,0,0,0,0,0,0,0,1,0,0,1,0,0,0,0,1,1
"GRK7",0,0,0,0,0,0,0,0,0,0,0,0,0,1,0,1,1,1,0,0
"GUCY2C",0,0,0,0,0,0,0,0,0,0,0,0,1,0,0,0,0,1,1,1
"IGF1R",0,0,0,0,0,0,0,0,0,0,0,0,0,1,0,0,0,1,1,1
"IRAK2",0,0,0,0,0,0,1,1,0,1,0,0,0,0,0,0,1,0,0,0
"MAK",1,0,0,0,0,0,0,1,0,0,0,0,0,0,0,1,0,0,0,1
"MAP2K6",0,0,0,0,0,0,0,0,0,0,0,1,1,0,0,0,0,1,1,0
"MAP3K10",0,0,0,0,0,0,1,0,0,0,0,0,0,0,0,0,0,1,1,1
"MAPK11",0,0,0,0,0,1,0,0,0,0,1,0,0,0,0,0,0,0,1,1
"MAPKAPK2",0,0,0,1,0,0,0,0,0,0,0,0,0,0,0,1,0,0,1,1
"MOK",0,0,0,0,0,0,0,1,0,0,0,0,0,1,0,0,0,0,1,1
"NME3",0,0,0,1,0,1,0,0,0,0,0,0,0,0,0,0,0,0,1,1
"NMRK2",0,0,1,0,1,1,0,0,0,0,0,0,0,0,0,0,0,0,1,0
"NRBP2",0,0,0,0,1,1,0,0,0,0,0,0,0,1,0,0,0,0,1,0
"OBSCN",0,0,0,0,0,0,1,1,0,0,0,0,0,0,0,0,0,0,1,1
"PAK3",0,0,0,0,0,0,0,0,0,0,1,0,1,0,0,0,0,0,1,1
"PDXK",0,0,0,0,0,0,0,0,1,0,0,0,0,0,1,0,0,0,1,1
"PFKFB2",0,0,0,0,0,0,0,0,0,1,0,1,0,0,0,0,0,0,1,1
"PHKG2",0,0,0,1,0,0,0,0,0,0,0,1,0,0,1,0,0,0,0,1
"PIK3CG",0,0,0,0,0,1,0,0,0,0,0,0,0,0,0,1,1,0,0,1
"PIP4K2C",0,0,0,0,0,0,0,0,0,0,1,0,0,0,1,0,0,0,1,1
"PRKD2",0,0,0,0,0,0,0,0,0,0,0,0,0,0,0,1,1,0,1,1
"RIOK1",0,0,0,0,0,0,0,0,0,0,0,0,0,0,0,0,1,1,1,1
"ROR1",0,1,0,0,0,0,0,0,0,0,0,0,0,0,0,1,0,0,1,1
"RPS6KA4",0,0,0,0,0,0,0,0,0,0,0,0,0,0,1,0,1,0,1,1
"SPEG",0,0,0,0,0,0,0,0,0,0,1,0,0,0,0,0,0,1,1,1
"STK10",0,0,0,0,0,1,0,0,0,0,0,0,0,1,0,1,0,0,0,1
"STK35",0,0,0,0,0,0,0,0,0,0,0,0,0,0,1,0,0,1,1,1
"STK36",0,0,0,0,0,0,1,0,0,0,0,0,0,0,0,1,0,0,1,1
"SYK",0,0,0,0,0,0,0,0,0,0,0,1,0,0,1,1,0,0,0,1
"TNIK",0,1,1,0,1,0,0,0,0,0,0,0,0,0,0,0,0,0,0,1
"TRIB2",0,0,0,0,0,0,0,0,0,1,0,0,0,0,0,1,0,0,1,1
"TRIO",0,0,0,0,0,0,0,0,0,0,1,0,0,1,0,0,0,0,1,1
"UCKL1",0,0,0,0,0,0,1,1,0,0,0,0,0,0,0,0,0,0,1,1
"UHMK1",0,0,0,0,0,0,0,0,1,1,0,0,0,0,1,0,0,0,0,1
"VRK2",0,0,0,0,0,0,0,0,0,0,0,0,0,0,1,0,1,1,0,1
"ACVR1",0,0,0,0,0,0,0,0,0,0,1,0,0,1,0,0,0,0,0,1
"ACVR1C",0,0,1,0,0,0,0,0,0,0,0,0,0,1,0,0,0,1,0,0
"ACVR2B",0,0,0,0,0,0,1,1,1,0,0,0,0,0,0,0,0,0,0,0
"ACVRL1",0,0,0,0,0,0,0,0,0,0,0,0,0,0,0,1,0,0,1,1
"ADCK2",0,0,0,0,0,0,0,0,0,0,1,0,0,0,0,0,0,0,1,1
"ADK",0,0,0,0,0,0,0,1,0,0,0,0,0,0,1,0,1,0,0,0
"AK4",0,0,0,0,0,0,0,0,0,0,1,0,1,0,0,0,0,1,0,0
"AK8",0,0,0,1,0,0,0,0,0,0,0,0,0,0,0,0,0,0,1,1
"AKT3",0,0,0,0,0,0,0,0,0,0,1,0,0,1,0,0,0,0,0,1
"CAMK2G",0,0,0,0,0,0,0,0,0,0,1,0,0,0,0,0,0,0,1,1
"CDK10",0,0,0,0,1,0,1,0,0,0,0,0,0,0,0,0,0,0,0,1
"CDK12",0,0,0,0,0,0,0,0,0,1,0,0,0,0,0,0,1,0,0,1
"CDK14",0,0,0,0,0,0,0,0,0,0,1,0,0,1,0,0,0,0,0,1
"CDK15",0,0,0,0,0,0,0,0,0,0,0,0,0,0,0,1,0,0,1,1
"CDK7",0,0,0,0,0,0,0,1,0,0,0,0,0,0,0,0,0,0,1,1
"CHKA",0,0,0,0,0,0,0,0,0,0,0,1,0,0,0,0,0,0,1,1
"CKB",0,0,1,0,0,0,0,0,0,0,0,0,0,0,0,0,0,0,1,1
"CSNK1G1",0,0,0,0,0,0,0,0,0,0,0,0,0,0,1,0,0,0,1,1
"CSNK2A1",0,0,0,0,0,0,0,0,0,0,0,0,0,0,0,0,0,1,1,1
"CSNK2B",0,0,0,0,0,0,0,0,0,0,0,0,0,0,0,0,1,0,1,1
"DAPK2",0,1,0,0,0,0,0,0,0,0,0,0,0,0,0,0,0,0,1,1
"DCK",0,0,0,0,0,0,0,0,0,0,0,0,0,0,0,0,1,0,1,1
"DYRK1B",0,0,0,0,0,0,0,0,0,0,1,0,0,0,0,0,0,0,1,1
"DYRK2",0,0,0,0,1,0,0,0,0,0,0,0,0,0,0,0,0,0,1,1
"EIF2AK1",0,0,0,0,0,0,0,0,1,0,0,0,1,0,1,0,0,0,0,0
"EIF2AK2",0,0,0,0,0,0,0,0,0,0,0,0,0,1,0,0,1,0,0,1
"EPHB1",0,0,0,0,0,0,0,0,0,1,0,0,1,0,0,0,0,1,0,0
"EPHB6",0,0,0,0,0,0,0,0,0,0,1,0,0,0,0,0,0,0,1,1
"FASTK",0,0,0,0,0,0,0,0,0,0,0,0,0,0,0,0,0,1,1,1
"FGR",0,0,0,0,1,1,0,0,0,0,0,0,0,0,0,1,0,0,0,0
"FLT1",0,0,0,0,0,1,0,0,0,0,0,0,0,0,0,0,0,0,1,1
"FN3KRP",0,0,0,0,0,0,0,0,0,0,0,0,0,0,0,0,1,0,1,1
"FRK",0,0,0,0,0,0,0,0,0,0,0,1,1,0,1,0,0,0,0,0
"GK",0,0,0,1,0,0,0,0,0,0,0,0,0,0,0,1,1,0,0,0
"GK3P",0,0,0,1,0,0,0,0,0,0,0,0,0,0,1,0,1,0,0,0
"GLYCTK",0,0,0,0,0,0,1,0,0,0,0,1,0,0,0,1,0,0,0,0
"GRK1",0,0,0,0,0,0,1,1,0,0,0,0,1,0,0,0,0,0,0,0
"HK1",0,0,0,0,0,0,0,0,0,0,1,0,0,0,0,0,0,0,1,1
"IKBKG",0,0,0,0,0,0,0,0,0,0,0,0,0,0,0,0,1,0,1,1
"ITK",0,0,0,0,0,1,0,0,0,0,0,0,0,0,0,1,0,0,0,1
"KSR1",0,0,0,0,0,1,0,0,0,0,0,0,0,0,0,0,0,0,1,1
"LIMK2",0,0,0,0,0,0,0,0,0,0,0,0,0,0,1,0,0,0,1,1
"LMTK2",0,0,0,0,0,0,0,0,0,1,0,0,0,0,0,0,1,0,0,1
"LRRK1",0,0,0,0,1,1,0,0,0,0,0,0,0,0,0,0,0,0,0,1
"LRRK2",0,1,0,0,1,1,0,0,0,0,0,0,0,0,0,0,0,0,0,0
"LTK",0,0,1,0,0,0,0,0,1,0,0,1,0,0,0,0,0,0,0,0
"MAP3K14",0,0,0,0,0,1,0,0,0,0,0,0,0,0,0,1,0,0,0,1
"MAP3K19",1,0,0,1,0,0,0,0,0,0,0,0,0,0,0,1,0,0,0,0
"MAP3K6",0,1,0,0,0,0,0,0,0,0,0,0,0,0,0,1,0,0,0,1
"MAP4K2",0,0,0,0,0,0,0,0,0,0,0,0,0,1,0,0,0,0,1,1
"MAPK6",0,0,0,0,0,0,0,0,0,0,0,0,0,0,1,0,1,1,0,0
"MARK2",0,0,0,0,0,0,0,0,0,0,0,0,0,0,1,0,0,0,1,1
"MARK4",0,0,0,0,0,0,0,0,0,0,1,0,0,0,0,0,0,0,1,1
"MAST2",0,0,0,0,0,0,0,0,0,0,0,0,1,0,0,0,0,0,1,1
"MAST3",0,0,0,0,0,0,0,0,0,0,1,0,0,0,0,0,0,0,1,1
"MLKL",0,0,0,0,1,1,0,0,0,0,0,0,0,0,0,0,0,0,0,1
"MYLK4",0,0,0,0,0,0,0,0,1,0,1,0,0,0,0,0,0,0,0,1
"NEK11",0,0,0,0,0,0,0,0,0,0,0,0,0,0,0,1,0,0,1,1
"NEK3",0,0,0,0,0,0,0,0,0,1,1,0,0,0,0,0,0,0,1,0
"NEK6",0,0,0,0,0,1,0,0,0,0,0,1,0,0,0,1,0,0,0,0
"NME4",0,0,0,0,0,0,0,0,0,0,0,0,1,0,0,1,0,1,0,0
"PAK2",0,0,0,0,0,0,0,0,0,0,0,0,0,1,0,0,1,0,0,1
"PAK4",0,0,0,1,0,0,0,0,0,0,0,0,0,0,0,0,0,0,1,1
"PAN3",0,0,0,0,0,0,1,1,0,0,0,0,0,0,0,0,0,0,0,1
"PIK3CD",0,0,0,0,0,0,0,0,0,0,0,0,0,1,0,0,1,0,0,1
"PKLR",0,0,0,0,0,0,0,0,1,0,0,0,0,0,1,0,1,0,0,0
"PKN3",0,0,0,0,0,0,0,0,0,0,0,0,0,0,0,1,0,0,1,1
"PLK3",0,1,0,0,0,0,0,1,0,0,0,0,0,0,0,0,0,0,0,1
"PRKAA2",0,0,0,0,0,0,0,0,0,0,0,0,1,0,0,0,0,0,1,1
"PRKD1",0,0,0,0,0,0,0,0,0,0,0,0,0,0,0,1,0,0,1,1
"PSKH1",0,0,0,0,0,0,0,0,0,0,0,0,0,0,0,1,0,0,1,1
"PTK2",0,0,0,0,0,0,0,0,0,0,0,0,0,1,0,0,0,0,1,1
"RIPK4",0,0,0,0,0,0,0,0,0,0,0,1,0,0,1,0,0,1,0,0
"RPS6KA1",0,0,0,0,0,0,0,0,0,0,0,1,0,0,1,0,0,0,0,1
"RPS6KA6",0,0,0,0,0,0,0,0,0,0,1,0,0,0,0,0,0,1,0,1
"RPS6KB2",0,0,0,0,0,0,0,0,0,0,0,1,0,0,1,0,0,0,0,1
"RYK",0,0,0,0,0,0,0,0,0,0,0,0,0,0,0,1,0,1,0,1
"SGK2",0,0,0,0,0,0,0,0,1,0,0,1,1,0,0,0,0,0,0,0
"SRPK2",0,0,0,0,0,0,0,0,0,0,0,0,0,0,0,0,1,0,1,1
"STK17B",0,0,0,0,0,0,0,0,0,0,0,0,0,0,0,1,1,0,0,1
"STK33",0,0,0,0,0,0,0,0,0,0,0,0,0,0,0,1,0,0,1,1
"STK38L",0,0,0,0,0,0,0,0,0,0,0,0,0,0,0,1,0,1,0,1
"TP53RK",0,0,0,0,0,0,1,1,0,0,0,0,0,0,0,0,0,0,0,1
"TSSK2",0,0,0,0,0,0,0,0,0,0,1,0,0,0,0,0,0,0,1,1
"TTN",0,0,0,0,0,1,0,1,0,0,0,0,0,0,0,0,0,0,0,1
"TYK2",0,0,0,0,0,0,0,0,0,0,0,0,0,0,1,0,0,0,1,1
"ULK1",0,0,1,0,0,0,0,0,0,0,0,0,0,0,0,0,0,1,0,1
"ULK3",0,0,0,0,0,0,0,0,0,0,0,0,0,0,1,0,0,0,1,1
"ULK4",0,0,0,0,0,0,0,1,0,0,0,0,0,0,0,0,0,0,1,1
"WEE2",0,0,0,0,0,0,0,0,0,1,0,0,0,0,0,1,0,0,0,1
"WNK3",0,0,1,0,0,0,0,0,0,0,0,0,1,0,0,0,0,1,0,0
"XYLB",0,0,0,0,0,0,0,0,1,0,0,0,1,0,0,0,0,1,0,0
"AAK1",0,0,0,0,0,0,0,0,0,0,0,0,0,0,0,0,0,0,1,1
"ABL1",0,0,0,0,0,0,0,0,0,0,0,0,0,0,0,0,0,0,1,1
"ACVR1B",0,0,0,0,0,0,0,0,0,0,1,0,0,0,0,0,0,0,0,1
"ACVR2A",0,0,0,0,0,0,0,0,0,0,1,0,0,0,0,0,0,0,0,1
"ADCK1",0,0,0,0,0,0,0,0,0,0,0,0,0,0,0,0,0,0,1,1
"AK1",0,1,0,0,0,0,0,0,0,0,1,0,0,0,0,0,0,0,0,0
"AK2",0,0,0,0,0,0,0,0,0,0,0,0,0,0,1,1,0,0,0,0
"AK9",0,0,0,0,0,0,0,0,0,0,1,0,0,0,0,0,0,0,0,1
"ALPK1",0,0,0,0,0,0,0,0,0,0,0,0,0,0,0,1,0,0,0,1
"AMHR2",1,0,0,0,0,0,0,0,0,1,0,0,0,0,0,0,0,0,0,0
"BMP2K",0,0,0,0,0,1,0,0,0,0,0,0,0,0,0,0,0,0,0,1
"CAMK2A",0,0,0,0,0,0,0,0,0,0,0,0,0,0,0,0,0,0,1,1
"CAMK4",0,0,0,0,0,0,0,0,0,0,1,0,0,1,0,0,0,0,0,0
"CAMKK2",1,0,0,0,0,0,0,0,0,0,0,0,0,0,0,0,0,0,0,1
"CDK19",0,0,0,0,0,0,0,0,0,0,0,0,0,0,0,0,0,0,1,1
"CDK8",0,0,0,0,0,0,0,0,0,0,0,0,0,0,0,0,0,1,0,1
"CDKL2",0,0,0,0,0,0,0,0,0,0,1,0,0,0,0,0,0,0,0,1
"CDKL3",0,0,0,0,0,0,0,0,0,0,0,0,0,0,0,0,0,0,1,1
"CDKL5",0,0,0,0,0,0,0,0,0,0,0,0,0,0,0,0,0,0,1,1
"CERK",0,0,0,0,0,0,0,0,0,0,0,0,0,0,0,0,0,0,1,1
"CHKB",0,0,0,0,0,0,0,0,0,0,0,0,0,0,0,0,0,0,1,1
"CSK",0,0,0,0,0,0,0,0,0,0,0,0,0,0,1,0,0,0,0,1
"CSNK1D",0,0,0,0,0,0,0,0,0,0,0,0,0,0,0,0,0,0,1,1
"CSNK1G2",0,0,0,0,0,0,0,0,0,0,0,0,0,0,0,0,0,0,1,1
"CSNK2A3",0,0,0,0,0,0,0,0,0,0,0,0,0,0,0,0,0,1,0,1
"DAPK3",0,0,0,0,0,0,0,0,0,0,0,0,0,0,0,0,0,0,1,1
"DDR2",0,0,0,0,0,0,0,0,0,0,0,0,0,0,0,1,0,0,0,1
"DGKH",0,0,0,0,1,0,0,0,0,0,0,0,0,0,0,0,0,0,0,1
"DGKQ",0,0,0,0,0,0,0,0,0,0,0,0,0,0,0,0,0,0,1,1
"DMPK",0,0,0,0,0,0,0,0,0,0,0,0,0,0,0,0,0,0,1,1
"DSTYK",0,0,0,0,0,0,0,0,0,0,0,0,0,0,0,0,0,0,1,1
"DYRK3",0,0,0,0,0,0,0,0,0,0,0,0,0,0,0,1,0,0,0,1
"DYRK4",0,0,0,0,0,0,0,0,0,0,0,0,0,0,0,1,0,0,0,1
"EPHA2",0,0,0,0,0,0,0,0,0,0,0,0,0,0,0,1,1,0,0,0
"ERBB4",0,0,0,0,0,0,0,0,0,0,0,0,0,0,0,0,0,0,1,1
"FGFR1",0,0,0,0,0,0,0,0,0,0,1,0,0,0,0,0,0,0,0,1
"FGGY",0,0,0,0,0,0,1,1,0,0,0,0,0,0,0,0,0,0,0,0
"FLT3",0,0,0,1,0,0,0,0,0,0,0,0,0,0,0,0,0,0,0,1
"FLT4",0,0,0,0,0,1,0,0,0,0,0,0,0,0,0,1,0,0,0,0
"FYN",0,1,0,0,0,0,0,0,0,0,1,0,0,0,0,0,0,0,0,0
"GK5",0,0,0,0,0,0,0,0,0,0,0,0,0,0,0,0,0,0,1,1
"GRK2",0,0,0,0,0,0,0,0,0,0,0,0,0,0,0,0,1,0,0,1
"GSK3A",0,0,0,0,0,0,0,0,0,0,0,0,0,0,0,0,0,0,1,1
"GSK3B",0,0,0,0,0,0,0,0,0,0,0,0,0,0,1,0,0,0,0,1
"GUK1",0,0,0,0,0,0,0,0,0,0,0,0,0,0,0,0,0,0,1,1
"HIPK4",0,0,0,0,0,0,0,0,0,0,0,0,0,0,0,0,0,0,1,1
"ICK",0,0,0,0,0,0,0,0,0,0,0,0,0,0,0,0,0,1,1,0
"IKBKB",0,0,0,0,0,0,0,0,0,0,0,0,0,0,0,1,0,0,0,1
"ILK",0,0,0,0,0,0,0,0,0,0,0,0,0,0,0,1,0,0,0,1
"INSR",0,1,0,0,0,1,0,0,0,0,0,0,0,0,0,0,0,0,0,0
"IP6K1",0,0,0,0,0,0,0,0,0,0,0,0,0,0,0,0,0,0,1,1
"IP6K2",0,0,0,0,0,0,0,0,0,0,0,0,0,0,0,0,0,0,1,1
"IRAK3",0,0,0,0,0,0,0,0,0,0,0,0,0,0,0,1,0,0,0,1
"IRAK4",0,0,0,0,0,0,0,0,0,0,0,0,0,0,0,1,0,0,0,1
"ITPK1",0,0,0,0,0,0,0,0,0,0,1,0,0,0,0,0,0,0,1,0
"KDR",0,0,0,0,0,1,0,0,0,0,0,0,0,0,0,1,0,0,0,0
"KHK",0,0,0,0,0,0,1,0,0,0,0,0,0,0,0,0,1,0,0,0
"KIT",0,0,1,0,0,0,0,0,0,0,0,0,0,0,0,0,0,0,0,1
"MAP2K2",0,0,0,0,0,0,0,0,0,0,0,0,0,0,0,0,0,0,1,1
"MAP3K1",0,0,0,0,0,0,0,0,0,0,0,0,0,0,0,1,0,0,0,1
"MAP3K13",0,0,0,0,0,0,0,0,0,0,0,0,0,0,1,0,0,1,0,0
"MAP3K8",0,0,0,0,0,0,0,0,0,0,0,0,0,0,0,1,0,0,0,1
"MAP4K3",0,0,0,0,0,0,0,0,0,0,0,0,0,0,0,0,0,0,1,1
"MAPK3",0,0,0,0,0,0,0,0,0,0,0,0,0,0,0,0,0,0,1,1
"MAPK7",0,0,0,0,0,0,0,0,0,0,0,0,0,0,0,1,0,0,0,1
"MAPKAPK3",0,0,0,0,0,0,0,0,0,0,0,0,0,0,0,1,0,0,0,1
"MINK1",0,0,0,0,0,0,0,0,0,0,0,0,0,0,1,0,0,0,0,1
"MVK",0,0,0,0,0,0,0,0,1,0,0,0,0,0,1,0,0,0,0,0
"MYLK3",0,0,0,0,0,0,0,0,0,0,0,0,0,0,0,0,0,0,1,1
"NIM1K",0,0,0,0,0,1,0,0,0,0,1,0,0,0,0,0,0,0,0,0
"NME6",0,0,0,0,0,0,0,0,0,0,0,0,0,0,0,0,0,0,1,1
"PANK1",0,0,0,0,0,0,0,0,0,0,0,1,0,0,1,0,0,0,0,0
"PDK3",0,0,0,0,0,0,0,0,0,0,0,1,0,0,1,0,0,0,0,0
"PDPK1",0,0,0,0,0,0,0,0,0,0,0,0,0,0,0,0,0,0,1,1
"PEAK1",0,0,0,0,0,0,0,0,0,0,0,0,0,0,0,0,0,0,1,1
"PFKM",0,0,0,0,0,0,0,0,0,0,0,0,0,0,0,0,0,0,1,1
"PHKG1",0,0,0,0,0,0,0,0,0,0,0,0,0,0,0,1,0,0,0,1
"PI4KB",0,0,0,0,0,0,0,0,0,0,0,0,0,0,0,0,0,0,1,1
"PIK3C2B",0,0,0,0,0,0,0,0,0,0,0,0,0,0,0,0,0,0,1,1
"PIK3C2G",0,0,0,0,0,0,0,0,0,0,0,0,1,0,0,0,0,1,0,0
"PIK3CB",0,0,0,0,0,0,0,0,0,0,0,0,0,0,1,0,0,0,0,1
"PIP4K2B",0,0,0,0,0,0,0,0,0,0,0,0,0,0,0,0,0,0,1,1
"PIP5K1A",0,0,0,0,0,0,0,0,0,0,0,0,0,0,0,0,0,0,1,1
"PIP5K1B",0,0,0,0,0,0,0,0,0,0,0,0,0,0,0,0,0,0,1,1
"PIP5K1C",0,0,0,0,0,0,0,0,0,0,0,0,0,0,0,0,0,0,1,1
"PKN1",0,0,0,0,0,0,0,0,0,0,0,0,0,0,0,0,0,0,1,1
"PKN2",0,0,0,0,0,0,0,0,0,0,0,0,0,0,0,1,0,0,0,1
"PRKAB1",0,0,0,0,0,0,0,0,0,0,0,0,0,0,0,0,0,0,1,1
"PRKACB",0,0,0,0,0,0,0,0,0,0,1,0,0,0,0,0,0,0,0,1
"PRKCA",0,0,0,0,0,0,0,0,0,0,0,0,0,0,0,0,0,0,1,1
"PRKD3",0,0,0,0,0,0,0,0,0,0,0,0,0,0,0,1,0,0,0,1
"PRKG2",0,0,0,0,0,0,0,0,0,0,0,0,0,0,0,0,0,0,1,1
"PRPS1",0,0,0,0,0,0,0,1,0,0,0,0,0,0,0,0,1,0,0,0
"PRPS2",0,0,0,0,0,0,0,0,0,0,0,0,0,0,0,0,0,1,0,1
"RIPK3",0,0,0,0,0,0,0,0,0,0,0,0,0,0,0,1,0,0,0,1
"RPS6KA5",0,0,0,0,0,0,0,0,0,0,1,0,0,0,0,0,0,0,0,1
"RPS6KC1",0,0,0,0,0,0,0,0,0,0,0,0,0,0,0,0,0,0,1,1
"SBK2",0,0,1,1,0,0,0,0,0,0,0,0,0,0,0,0,0,0,0,0
"SBK3",0,0,0,0,0,0,0,0,0,0,0,0,0,0,0,0,0,0,1,1
"SRC",0,0,0,0,0,0,0,0,0,0,0,0,0,0,0,0,0,0,1,1
"STK25",0,0,0,0,0,0,0,0,0,0,0,0,0,0,0,0,0,0,1,1
"STK38",0,0,0,0,0,0,0,0,0,0,0,0,0,0,0,1,0,0,0,1
"STK4",0,0,0,0,0,0,0,0,0,1,0,0,0,0,0,0,0,0,0,1
"STRADA",0,0,0,0,0,0,0,0,0,0,0,0,0,0,0,0,0,0,1,1
"TAB1",0,0,0,0,0,0,0,0,0,0,0,0,0,0,0,0,0,0,1,1
"TAOK2",0,0,0,0,0,0,0,0,0,0,0,0,0,0,0,0,0,0,1,1
"TBK1",0,0,0,0,0,0,0,0,0,0,0,0,0,0,0,0,1,0,0,1
"TEC",0,0,0,0,0,0,0,0,0,0,0,1,0,0,0,1,0,0,0,0
"TESK1",0,0,0,0,0,0,0,0,0,0,0,0,0,0,0,0,0,0,1,1
"TLK2",0,0,0,0,0,0,0,0,0,0,0,0,0,0,0,0,0,0,1,1
"TNK1",0,0,0,0,0,0,0,0,0,0,0,0,0,0,1,0,0,0,0,1
"TRPM6",0,0,0,0,0,0,0,0,0,0,0,0,0,0,0,0,1,0,1,0
"TSSK4",0,0,0,0,0,0,0,0,0,0,0,0,0,0,0,0,0,0,1,1
"TTBK2",0,0,0,0,0,0,0,0,0,0,1,0,0,0,0,0,0,0,0,1
"TXK",0,0,0,0,0,0,0,0,0,0,0,0,0,0,0,1,0,0,0,1
